id,Full Name,email,phone,gender,age,job_title,years_of_experience,designation,salary,department
1,Jose Lopez,joselopez0944@slingacademy.com,Invalid Number,male,25,Project Manager,1,System Engineer,8500,Product
2,Diane Carter,dianecarter1228@slingacademy.com,Invalid Number,female,26,Machine Learning Engineer,2,System Engineer,7000,Product
3,Shawn Foster,shawnfoster2695@slingacademy.com,Invalid Number,male,37,Project Manager,14,Lead,17000,Product
4,Brenda Fisher,brendafisher3185@slingacademy.com,Invalid Number,female,31,Web Developer,8,Senior Data Engineer,10000,Product
5,Sean Hunter,seanhunter4753@slingacademy.com,5838355842,male,35,Project Manager,11,Lead,14500,Product
6,Joshua Jacobs,joshuajacobs5904@slingacademy.com,Invalid Number,male,28,Project Manager,3,Data Engineer,10500,Product
7,Brianna Marshall,briannamarshall6438@slingacademy.com,Invalid Number,female,33,Machine Learning Engineer,10,Senior Data Engineer,11000,Product
8,John Tate,johntate7881@slingacademy.com,Invalid Number,male,33,Mobile Developer,10,Senior Data Engineer,11000,Product
9,Jillian Byrd,jillianbyrd8170@slingacademy.com,Invalid Number,female,34,Web Developer,10,Senior Data Engineer,11000,Product
10,Melanie Sharp,melaniesharp9256@slingacademy.com,Invalid Number,female,41,Web Developer,15,Lead,14500,Product
11,Brandy Mckee,brandymckee10500@slingacademy.com,Invalid Number,female,37,Web Developer,14,Lead,14000,Product
12,Robert Simpson,robertsimpson11778@slingacademy.com,Invalid Number,male,36,DevOps Engineer,12,Lead,15000,Product
13,George Mckenzie,georgemckenzie12384@slingacademy.com,Invalid Number,male,28,Machine Learning Engineer,4,Data Engineer,10000,Product
14,Joseph Smith,josephsmith13724@slingacademy.com,Invalid Number,male,40,Machine Learning Engineer,14,Lead,14000,Product
15,Dana Crawford,danacrawford14310@slingacademy.com,Invalid Number,female,32,Project Manager,8,Senior Data Engineer,12000,Product
16,Christopher Benson,christopherbenson15937@slingacademy.com,Invalid Number,male,29,Web Developer,5,Data Engineer,7500,Product
17,Nicole Smith,nicolesmith16360@slingacademy.com,Invalid Number,female,26,Designer,4,Data Engineer,10000,Product
18,Peter Jimenez,peterjimenez17791@slingacademy.com,Invalid Number,male,28,Mobile Developer,3,Data Engineer,6500,Product
19,Sergio Boyle,sergioboyle18425@slingacademy.com,3027626274,male,31,Tester,6,Senior Data Engineer,9000,Product
20,Brianna Moss,briannamoss19517@slingacademy.com,Invalid Number,female,31,Designer,5,Data Engineer,10500,Product
21,Taylor Garner,taylorgarner20196@slingacademy.com,Invalid Number,female,32,Machine Learning Engineer,6,Senior Data Engineer,11000,Product
22,Michael Padilla,michaelpadilla21381@slingacademy.com,Invalid Number,male,29,Tester,5,Data Engineer,9500,Product
23,Yvette Walker,yvettewalker22744@slingacademy.com,Invalid Number,female,26,Designer,2,System Engineer,7000,Product
24,Kristina Pena,kristinapena23750@slingacademy.com,Invalid Number,female,34,DevOps Engineer,11,Lead,12500,Product
25,Vanessa Reynolds,vanessareynolds24710@slingacademy.com,Invalid Number,female,36,Machine Learning Engineer,10,Senior Data Engineer,13000,Product
26,Robert Suarez,robertsuarez25924@slingacademy.com,Invalid Number,male,33,Tester,9,Senior Data Engineer,9500,Product
27,Tammy Ellis,tammyellis26570@slingacademy.com,Invalid Number,female,37,HR Manager,14,Lead,14000,Human Resource
28,Rodney Porter,rodneyporter27496@slingacademy.com,Invalid Number,male,28,DevOps Engineer,3,Data Engineer,9500,Product
29,David Reyes,davidreyes28592@slingacademy.com,Invalid Number,male,25,Designer,2,System Engineer,7000,Product
30,Brian Kirby,briankirby29574@slingacademy.com,Invalid Number,male,31,Machine Learning Engineer,8,Senior Data Engineer,10000,Product
31,Tammy Walker,tammywalker30386@slingacademy.com,Invalid Number,female,31,Web Developer,7,Senior Data Engineer,8500,Product
32,Angela Stewart,angelastewart31951@slingacademy.com,Invalid Number,female,34,HR Manager,10,Senior Data Engineer,10000,Human Resource
33,Susan Parker,susanparker32865@slingacademy.com,Invalid Number,female,25,DevOps Engineer,3,Data Engineer,8500,Product
34,Robert Hogan,roberthogan33599@slingacademy.com,1138662041,male,24,Tester,2,System Engineer,7000,Product
35,Dawn Pham,dawnpham34908@slingacademy.com,Invalid Number,female,27,Designer,4,Data Engineer,9000,Product
36,Karen Duke,karenduke35869@slingacademy.com,Invalid Number,female,29,DevOps Engineer,6,Senior Data Engineer,11000,Product
37,Julian Thompson,julianthompson36437@slingacademy.com,Invalid Number,male,28,Machine Learning Engineer,4,Data Engineer,7000,Product
38,Daisy Perry,daisyperry37789@slingacademy.com,Invalid Number,female,30,Tester,5,Data Engineer,9500,Product
39,Sarah Smith,sarahsmith38793@slingacademy.com,Invalid Number,female,24,Machine Learning Engineer,2,System Engineer,6000,Product
40,Eric Randolph,ericrandolph39291@slingacademy.com,Invalid Number,male,29,Designer,5,Data Engineer,8500,Product
41,William Keller,williamkeller40838@slingacademy.com,Invalid Number,male,30,Web Developer,4,Data Engineer,8000,Product
42,George Salas,georgesalas41217@slingacademy.com,Invalid Number,male,35,Web Developer,11,Lead,10500,Product
43,Alyssa Archer,alyssaarcher42600@slingacademy.com,Invalid Number,female,35,DevOps Engineer,13,Lead,15500,Product
44,Daniel Wagner,danielwagner43907@slingacademy.com,Invalid Number,male,35,HR Manager,11,Lead,12500,Human Resource
45,David Howard,davidhoward44518@slingacademy.com,Invalid Number,male,33,Machine Learning Engineer,9,Senior Data Engineer,11500,Product
46,Brett Friedman,brettfriedman45236@slingacademy.com,Invalid Number,male,34,HR Manager,10,Senior Data Engineer,10000,Human Resource
47,Shaun Harris,shaunharris46875@slingacademy.com,Invalid Number,male,23,Designer,1,System Engineer,6500,Product
48,Jason Morris,jasonmorris47229@slingacademy.com,Invalid Number,male,28,DevOps Engineer,5,Data Engineer,9500,Product
49,Jesse Mcdaniel,jessemcdaniel48348@slingacademy.com,Invalid Number,male,35,Mobile Developer,11,Lead,11500,Product
50,Jessica Torres,jessicatorres49971@slingacademy.com,Invalid Number,female,33,HR Manager,7,Senior Data Engineer,9500,Human Resource
51,Bradley Garcia,bradleygarcia50896@slingacademy.com,Invalid Number,male,29,Designer,3,Data Engineer,6500,Product
52,Christopher Walker,christopherwalker51808@slingacademy.com,Invalid Number,male,25,Mobile Developer,1,System Engineer,5500,Product
53,Jason Boyd,jasonboyd52182@slingacademy.com,Invalid Number,male,39,Designer,14,Lead,15000,Product
54,Colleen Cooper,colleencooper53362@slingacademy.com,Invalid Number,female,32,Machine Learning Engineer,7,Senior Data Engineer,10500,Product
55,Laurie Robinson,laurierobinson54980@slingacademy.com,Invalid Number,female,38,Mobile Developer,15,Lead,13500,Product
56,Tiffany Novak,tiffanynovak55365@slingacademy.com,Invalid Number,female,35,Mobile Developer,12,Lead,12000,Product
57,Sophia Coleman,sophiacoleman56563@slingacademy.com,Invalid Number,female,40,Tester,15,Lead,13500,Product
58,Jodi Harris,jodiharris57145@slingacademy.com,Invalid Number,female,34,DevOps Engineer,9,Senior Data Engineer,13500,Product
59,Michael Calhoun,michaelcalhoun58176@slingacademy.com,Invalid Number,male,23,Web Developer,1,System Engineer,7500,Product
60,Aaron Tran,aarontran59178@slingacademy.com,Invalid Number,male,40,DevOps Engineer,15,Lead,16500,Product
61,Karen Aguirre,karenaguirre60547@slingacademy.com,Invalid Number,female,36,Web Developer,13,Lead,13500,Product
62,Danielle Morrison,daniellemorrison61394@slingacademy.com,Invalid Number,female,31,HR Manager,7,Senior Data Engineer,9500,Human Resource
63,Amanda Thomas,amandathomas62614@slingacademy.com,Invalid Number,female,28,Web Developer,6,Senior Data Engineer,9000,Product
64,Sarah Spencer,sarahspencer63772@slingacademy.com,Invalid Number,female,36,Tester,14,Lead,14000,Product
65,Jessica Ho,jessicaho64531@slingacademy.com,Invalid Number,female,34,DevOps Engineer,10,Senior Data Engineer,12000,Product
66,Kristy Rhodes,kristyrhodes65269@slingacademy.com,Invalid Number,female,40,Web Developer,15,Lead,13500,Product
67,Joseph Hobbs,josephhobbs66797@slingacademy.com,Invalid Number,male,26,Mobile Developer,1,System Engineer,7500,Product
68,Allison Matthews,allisonmatthews67756@slingacademy.com,Invalid Number,female,35,Web Developer,12,Lead,12000,Product
69,James Phillips,jamesphillips68522@slingacademy.com,Invalid Number,male,40,Web Developer,15,Lead,14500,Product
70,Philip Thomas,philipthomas69207@slingacademy.com,Invalid Number,male,38,DevOps Engineer,12,Lead,15000,Product
71,Dawn Walker,dawnwalker70868@slingacademy.com,Invalid Number,female,31,Mobile Developer,6,Senior Data Engineer,10000,Product
72,Denise Lopez,deniselopez71911@slingacademy.com,Invalid Number,female,31,Designer,5,Data Engineer,9500,Product
73,Gregory House,gregoryhouse72945@slingacademy.com,1541376919,male,34,HR Manager,9,Senior Data Engineer,9500,Human Resource
74,Stacie Diaz,staciediaz73929@slingacademy.com,Invalid Number,female,31,Machine Learning Engineer,6,Senior Data Engineer,11000,Product
75,Barbara Burns,barbaraburns74284@slingacademy.com,Invalid Number,female,33,Web Developer,11,Lead,10500,Product
76,Jessica Cortez,jessicacortez75317@slingacademy.com,Invalid Number,female,39,Tester,14,Lead,12000,Product
77,Daniel Hernandez,danielhernandez76747@slingacademy.com,Invalid Number,male,33,Tester,7,Senior Data Engineer,9500,Product
78,Eugene Diaz,eugenediaz77610@slingacademy.com,Invalid Number,male,29,Machine Learning Engineer,3,Data Engineer,9500,Product
79,Earl Nelson,earlnelson78644@slingacademy.com,Invalid Number,male,34,Web Developer,11,Lead,12500,Product
80,Elizabeth Jackson,elizabethjackson79562@slingacademy.com,Invalid Number,female,28,DevOps Engineer,3,Data Engineer,8500,Product
81,John Martinez,johnmartinez80595@slingacademy.com,Invalid Number,male,26,Web Developer,4,Data Engineer,7000,Product
82,Wesley Shaw,wesleyshaw81546@slingacademy.com,0250878834,male,26,Mobile Developer,1,System Engineer,6500,Product
83,Michael Davila,michaeldavila82958@slingacademy.com,9179864827,male,40,DevOps Engineer,14,Lead,16000,Product
84,Heidi Hill,heidihill83123@slingacademy.com,Invalid Number,female,40,Tester,15,Lead,12500,Product
85,Yvonne Bass,yvonnebass84513@slingacademy.com,Invalid Number,female,33,Tester,8,Senior Data Engineer,9000,Product
86,Jamie Jones,jamiejones85266@slingacademy.com,Invalid Number,female,24,Web Developer,1,System Engineer,6500,Product
87,Brady Washington,bradywashington86649@slingacademy.com,Invalid Number,male,23,Designer,1,System Engineer,5500,Product
88,Michael Rivera,michaelrivera87962@slingacademy.com,Invalid Number,male,29,Web Developer,3,Data Engineer,6500,Product
89,Angela Morales,angelamorales88595@slingacademy.com,Invalid Number,female,28,Web Developer,4,Data Engineer,9000,Product
90,Larry Moore,larrymoore89266@slingacademy.com,Invalid Number,male,28,Web Developer,5,Data Engineer,7500,Product
91,Veronica Oliver,veronicaoliver90922@slingacademy.com,Invalid Number,female,25,Tester,2,System Engineer,7000,Product
92,Clayton Smith,claytonsmith91214@slingacademy.com,8318062400,male,27,Mobile Developer,2,System Engineer,6000,Product
93,Tamara Randall,tamararandall92432@slingacademy.com,Invalid Number,female,32,Mobile Developer,10,Senior Data Engineer,11000,Product
94,Amy Vaughn,amyvaughn93722@slingacademy.com,Invalid Number,female,28,Designer,5,Data Engineer,11500,Product
95,Larry Chapman,larrychapman94932@slingacademy.com,Invalid Number,male,35,Designer,12,Lead,12000,Product
96,Eugene Mcintyre,eugenemcintyre95994@slingacademy.com,Invalid Number,male,25,HR Manager,2,System Engineer,7000,Human Resource
97,Patricia Suarez,patriciasuarez96379@slingacademy.com,Invalid Number,female,41,Designer,15,Lead,16500,Product
98,Melissa Vasquez,melissavasquez97165@slingacademy.com,Invalid Number,female,35,DevOps Engineer,10,Senior Data Engineer,12000,Product
99,Stephanie Hodges,stephaniehodges98715@slingacademy.com,Invalid Number,female,38,Web Developer,14,Lead,14000,Product
100,Brian Watkins,brianwatkins99160@slingacademy.com,2648820032,male,32,Web Developer,10,Senior Data Engineer,11000,Product
101,Zachary Ellis,zacharyellis100141@slingacademy.com,Invalid Number,male,34,Tester,12,Lead,12000,Product
102,Mark Maxwell,markmaxwell101603@slingacademy.com,Invalid Number,male,28,Tester,4,Data Engineer,9000,Product
103,Jill Farmer,jillfarmer102620@slingacademy.com,0571661198,female,26,DevOps Engineer,4,Data Engineer,9000,Product
104,Rhonda Park,rhondapark103796@slingacademy.com,Invalid Number,female,35,DevOps Engineer,12,Lead,13000,Product
105,Jessica Park,jessicapark104881@slingacademy.com,Invalid Number,female,26,HR Manager,1,System Engineer,5500,Human Resource
106,Keith Bender,keithbender105366@slingacademy.com,Invalid Number,male,35,Machine Learning Engineer,10,Senior Data Engineer,10000,Product
107,Andrew Silva,andrewsilva106948@slingacademy.com,3782883279,male,35,HR Manager,12,Lead,11000,Human Resource
108,John Escobar,johnescobar107306@slingacademy.com,Invalid Number,male,34,Mobile Developer,8,Senior Data Engineer,10000,Product
109,Savannah Woods,savannahwoods108924@slingacademy.com,Invalid Number,female,23,Web Developer,1,System Engineer,5500,Product
110,Cameron Solis,cameronsolis109983@slingacademy.com,Invalid Number,male,36,Machine Learning Engineer,14,Lead,14000,Product
111,Patrick Johnson,patrickjohnson110856@slingacademy.com,Invalid Number,male,36,Tester,12,Lead,13000,Product
112,Nathan Oconnor,nathanoconnor111395@slingacademy.com,Invalid Number,male,37,Mobile Developer,11,Lead,11500,Product
113,Felicia Fox,feliciafox112789@slingacademy.com,Invalid Number,female,38,Web Developer,12,Lead,11000,Product
114,Nicole Davis,nicoledavis113588@slingacademy.com,Invalid Number,female,26,Web Developer,1,System Engineer,5500,Product
115,Gregory Kirk,gregorykirk114408@slingacademy.com,Invalid Number,male,39,Machine Learning Engineer,13,Lead,11500,Product
116,Ashley Carrillo,ashleycarrillo115726@slingacademy.com,Invalid Number,female,37,Tester,12,Lead,12000,Product
117,Brandon White,brandonwhite116729@slingacademy.com,Invalid Number,male,31,Machine Learning Engineer,7,Senior Data Engineer,8500,Product
118,Joshua Miles,joshuamiles117429@slingacademy.com,Invalid Number,male,29,Web Developer,5,Data Engineer,7500,Product
119,Gabriel Shannon,gabrielshannon118996@slingacademy.com,Invalid Number,male,33,DevOps Engineer,11,Lead,13500,Product
120,Charles Chan,charleschan119980@slingacademy.com,Invalid Number,male,26,Machine Learning Engineer,2,System Engineer,7000,Product
121,Stephanie Hill,stephaniehill120240@slingacademy.com,Invalid Number,female,38,DevOps Engineer,15,Lead,15500,Product
122,Brian Kelly,briankelly121771@slingacademy.com,Invalid Number,male,38,DevOps Engineer,12,Lead,15000,Product
123,Susan Lopez,susanlopez122522@slingacademy.com,Invalid Number,female,30,Machine Learning Engineer,8,Senior Data Engineer,9000,Product
124,Logan Edwards,loganedwards123515@slingacademy.com,Invalid Number,male,36,Designer,14,Lead,16000,Product
125,Ryan Young,ryanyoung124775@slingacademy.com,Invalid Number,male,36,DevOps Engineer,13,Lead,15500,Product
126,Rebecca Crawford,rebeccacrawford125111@slingacademy.com,Invalid Number,female,37,Web Developer,13,Lead,11500,Product
127,Leslie Sullivan,lesliesullivan126504@slingacademy.com,Invalid Number,female,40,Tester,15,Lead,12500,Product
128,Andrew Carey,andrewcarey127127@slingacademy.com,4267904671,male,24,DevOps Engineer,1,System Engineer,9500,Product
129,Richard Sawyer,richardsawyer128529@slingacademy.com,Invalid Number,male,30,Mobile Developer,8,Senior Data Engineer,11000,Product
130,Garrett Nguyen,garrettnguyen129713@slingacademy.com,Invalid Number,male,36,Machine Learning Engineer,13,Lead,11500,Product
131,Cody Zuniga,codyzuniga130555@slingacademy.com,Invalid Number,male,35,DevOps Engineer,13,Lead,15500,Product
132,James Johnson,jamesjohnson131504@slingacademy.com,Invalid Number,male,31,Tester,9,Senior Data Engineer,9500,Product
133,Jamie Ruiz,jamieruiz132870@slingacademy.com,Invalid Number,female,27,Tester,4,Data Engineer,7000,Product
134,Brandi Evans,brandievans133450@slingacademy.com,Invalid Number,female,29,Tester,5,Data Engineer,8500,Product
135,Jennifer Obrien,jenniferobrien134415@slingacademy.com,Invalid Number,female,40,Mobile Developer,14,Lead,12000,Product
136,Whitney Espinoza,whitneyespinoza135280@slingacademy.com,Invalid Number,female,29,Machine Learning Engineer,7,Senior Data Engineer,11500,Product
137,Brandon Rosario,brandonrosario136801@slingacademy.com,5804460236,male,26,Mobile Developer,4,Data Engineer,8000,Product
138,Jennifer Rhodes,jenniferrhodes137946@slingacademy.com,Invalid Number,female,29,Web Developer,4,Data Engineer,8000,Product
139,Jordan Michael,jordanmichael138385@slingacademy.com,Invalid Number,female,27,Mobile Developer,3,Data Engineer,7500,Product
140,James Knight,jamesknight139390@slingacademy.com,Invalid Number,male,26,Web Developer,3,Data Engineer,8500,Product
141,Michelle Ramirez,michelleramirez140449@slingacademy.com,Invalid Number,female,27,Machine Learning Engineer,3,Data Engineer,8500,Product
142,Peter Mercado,petermercado141760@slingacademy.com,Invalid Number,male,33,Mobile Developer,11,Lead,12500,Product
143,Jason George,jasongeorge142858@slingacademy.com,Invalid Number,male,25,Machine Learning Engineer,2,System Engineer,9000,Product
144,John Arroyo,johnarroyo143863@slingacademy.com,6849186207,male,31,Machine Learning Engineer,5,Data Engineer,7500,Product
145,Ashley Mccann,ashleymccann144440@slingacademy.com,Invalid Number,female,32,Web Developer,8,Senior Data Engineer,11000,Product
146,John Robinson,johnrobinson145915@slingacademy.com,Invalid Number,male,31,DevOps Engineer,8,Senior Data Engineer,12000,Product
147,Michael Clark,michaelclark146199@slingacademy.com,Invalid Number,male,32,Web Developer,6,Senior Data Engineer,8000,Product
148,Julia Howe,juliahowe147145@slingacademy.com,Invalid Number,female,33,Web Developer,8,Senior Data Engineer,9000,Product
149,John Roy,johnroy148826@slingacademy.com,Invalid Number,male,31,DevOps Engineer,9,Senior Data Engineer,11500,Product
150,Paul Nguyen,paulnguyen149760@slingacademy.com,Invalid Number,male,39,Mobile Developer,14,Lead,12000,Product
151,Chelsea Lewis,chelsealewis150888@slingacademy.com,Invalid Number,female,32,DevOps Engineer,10,Senior Data Engineer,13000,Product
152,Austin Bell,austinbell151766@slingacademy.com,Invalid Number,male,40,DevOps Engineer,15,Lead,16500,Product
153,Paul Allen,paulallen152619@slingacademy.com,2104766565,male,28,Mobile Developer,2,System Engineer,8000,Product
154,Gary Oliver,garyoliver153551@slingacademy.com,Invalid Number,male,29,Mobile Developer,4,Data Engineer,7000,Product
155,Diana Bowers,dianabowers154842@slingacademy.com,Invalid Number,female,29,Web Developer,3,Data Engineer,7500,Product
156,Cody Peters,codypeters155367@slingacademy.com,Invalid Number,male,39,Mobile Developer,15,Lead,13500,Product
157,Cameron Gonzalez,camerongonzalez156781@slingacademy.com,Invalid Number,male,35,DevOps Engineer,13,Lead,14500,Product
158,Shelia Benson,sheliabenson157744@slingacademy.com,Invalid Number,female,26,Mobile Developer,3,Data Engineer,6500,Product
159,Jacqueline Brooks,jacquelinebrooks158463@slingacademy.com,Invalid Number,female,33,DevOps Engineer,10,Senior Data Engineer,14000,Product
160,William Turner,williamturner159974@slingacademy.com,Invalid Number,male,33,Web Developer,11,Lead,12500,Product
161,Lisa Logan,lisalogan160552@slingacademy.com,Invalid Number,female,37,Web Developer,15,Lead,12500,Product
162,Jeffery Jones,jefferyjones161216@slingacademy.com,Invalid Number,male,37,Mobile Developer,12,Lead,12000,Product
163,Scott Li,scottli162771@slingacademy.com,Invalid Number,male,30,Mobile Developer,5,Data Engineer,8500,Product
164,Chad Roberson,chadroberson163525@slingacademy.com,Invalid Number,male,34,Mobile Developer,8,Senior Data Engineer,11000,Product
165,Ariana Hernandez,arianahernandez164467@slingacademy.com,Invalid Number,female,28,Web Developer,6,Senior Data Engineer,8000,Product
166,Wanda Forbes,wandaforbes165141@slingacademy.com,Invalid Number,female,29,Mobile Developer,7,Senior Data Engineer,10500,Product
167,Edwin Cortez,edwincortez166250@slingacademy.com,Invalid Number,male,33,Web Developer,9,Senior Data Engineer,9500,Product
168,Sharon Smith,sharonsmith167760@slingacademy.com,Invalid Number,female,34,DevOps Engineer,8,Senior Data Engineer,11000,Product
169,Sherry Oliver,sherryoliver168772@slingacademy.com,Invalid Number,female,33,DevOps Engineer,7,Senior Data Engineer,11500,Product
170,Eric Moses,ericmoses169891@slingacademy.com,Invalid Number,male,36,Web Developer,12,Lead,12000,Product
171,James Ruiz,jamesruiz170534@slingacademy.com,Invalid Number,male,27,Mobile Developer,3,Data Engineer,8500,Product
172,Julie Barber,juliebarber171592@slingacademy.com,Invalid Number,female,27,DevOps Engineer,1,System Engineer,7500,Product
173,Becky Mcpherson,beckymcpherson172514@slingacademy.com,Invalid Number,female,28,Web Developer,5,Data Engineer,7500,Product
174,Nicole Aguilar,nicoleaguilar173929@slingacademy.com,Invalid Number,female,26,Web Developer,1,System Engineer,7500,Product
175,Melissa Lee,melissalee174832@slingacademy.com,Invalid Number,female,32,Mobile Developer,9,Senior Data Engineer,9500,Product
176,Ariana Cochran,arianacochran175831@slingacademy.com,Invalid Number,female,36,Web Developer,10,Senior Data Engineer,12000,Product
177,Lisa Carpenter,lisacarpenter176388@slingacademy.com,9008123667,female,32,Mobile Developer,9,Senior Data Engineer,9500,Product
178,Julie Wilson,juliewilson177313@slingacademy.com,Invalid Number,female,28,Mobile Developer,4,Data Engineer,7000,Product
179,Martin Crawford,martincrawford178513@slingacademy.com,Invalid Number,male,23,Mobile Developer,1,System Engineer,5500,Product
180,Daniel Peterson,danielpeterson179804@slingacademy.com,Invalid Number,male,27,DevOps Engineer,5,Data Engineer,10500,Product
181,Eric Lambert,ericlambert180283@slingacademy.com,Invalid Number,male,36,Mobile Developer,10,Senior Data Engineer,10000,Product
182,Marcia Huerta,marciahuerta181175@slingacademy.com,Invalid Number,female,32,Web Developer,6,Senior Data Engineer,8000,Product
183,Jason Ortiz,jasonortiz182754@slingacademy.com,Invalid Number,male,33,Mobile Developer,9,Senior Data Engineer,9500,Product
184,Keith Thomas,keiththomas183439@slingacademy.com,Invalid Number,male,28,Mobile Developer,5,Data Engineer,9500,Product
185,Sarah Freeman,sarahfreeman184758@slingacademy.com,Invalid Number,female,32,DevOps Engineer,9,Senior Data Engineer,13500,Product
186,Michael Galvan,michaelgalvan185989@slingacademy.com,Invalid Number,male,28,Web Developer,2,System Engineer,8000,Product
187,Michael Warner,michaelwarner186194@slingacademy.com,Invalid Number,male,29,Mobile Developer,5,Data Engineer,7500,Product
188,Larry Thompson,larrythompson187420@slingacademy.com,Invalid Number,male,39,Web Developer,14,Lead,12000,Product
189,James Miller,jamesmiller188412@slingacademy.com,Invalid Number,male,37,Mobile Developer,15,Lead,13500,Product
190,James Steele,jamessteele189191@slingacademy.com,Invalid Number,male,35,Web Developer,10,Senior Data Engineer,10000,Product
191,Joseph Beck,josephbeck190237@slingacademy.com,Invalid Number,male,35,Mobile Developer,11,Lead,12500,Product
192,Wayne Cohen,waynecohen191993@slingacademy.com,Invalid Number,male,31,Web Developer,8,Senior Data Engineer,11000,Product
193,Bailey Reilly,baileyreilly192786@slingacademy.com,Invalid Number,female,26,Mobile Developer,1,System Engineer,5500,Product
194,Yolanda Smith,yolandasmith193826@slingacademy.com,Invalid Number,female,30,Mobile Developer,7,Senior Data Engineer,10500,Product
195,Kathleen Leblanc,kathleenleblanc194890@slingacademy.com,Invalid Number,female,29,Web Developer,4,Data Engineer,9000,Product
196,Christina Garza,christinagarza195263@slingacademy.com,Invalid Number,female,27,DevOps Engineer,4,Data Engineer,9000,Product
197,Jennifer Jarvis,jenniferjarvis196139@slingacademy.com,Invalid Number,female,28,Mobile Developer,6,Senior Data Engineer,9000,Product
198,Jesse Smith,jessesmith197279@slingacademy.com,Invalid Number,male,37,Web Developer,11,Lead,12500,Product
199,Melissa Richardson,melissarichardson198110@slingacademy.com,Invalid Number,female,29,Mobile Developer,5,Data Engineer,9500,Product
200,Michele Stewart,michelestewart199951@slingacademy.com,Invalid Number,female,29,DevOps Engineer,7,Senior Data Engineer,12500,Product
201,Jeremy Gilbert,jeremygilbert200282@slingacademy.com,Invalid Number,male,29,Mobile Developer,4,Data Engineer,9000,Product
202,Kevin Valentine,kevinvalentine201488@slingacademy.com,Invalid Number,male,33,Web Developer,10,Senior Data Engineer,11000,Product
203,Suzanne Hurst,suzannehurst202425@slingacademy.com,2176055492,female,26,Mobile Developer,3,Data Engineer,7500,Product
204,Janet Stephens,janetstephens203449@slingacademy.com,Invalid Number,female,36,Web Developer,14,Lead,12000,Product
205,Michael Hoover,michaelhoover204983@slingacademy.com,Invalid Number,male,38,DevOps Engineer,13,Lead,15500,Product
206,Terry Jones,terryjones205228@slingacademy.com,Invalid Number,male,34,Web Developer,10,Senior Data Engineer,12000,Product
207,Breanna Love,breannalove206374@slingacademy.com,Invalid Number,female,26,Web Developer,2,System Engineer,8000,Product
208,Elijah Mcguire,elijahmcguire207166@slingacademy.com,Invalid Number,male,28,Web Developer,2,System Engineer,8000,Product
209,Paige Bell,paigebell208379@slingacademy.com,Invalid Number,female,34,Mobile Developer,10,Senior Data Engineer,12000,Product
210,Lauren Logan,laurenlogan209754@slingacademy.com,Invalid Number,female,29,Web Developer,3,Data Engineer,6500,Product
211,Gary Watson,garywatson210844@slingacademy.com,Invalid Number,male,35,Mobile Developer,12,Lead,12000,Product
212,Andrea Miller,andreamiller211593@slingacademy.com,Invalid Number,female,38,Web Developer,13,Lead,13500,Product
213,Stephen Anderson,stephenanderson212709@slingacademy.com,Invalid Number,male,29,Web Developer,6,Senior Data Engineer,10000,Product
214,Erica Montgomery,ericamontgomery213699@slingacademy.com,Invalid Number,female,26,Web Developer,2,System Engineer,8000,Product
215,Mitchell Olson,mitchellolson214954@slingacademy.com,Invalid Number,male,25,Mobile Developer,3,Data Engineer,7500,Product
216,Brenda Leonard,brendaleonard215112@slingacademy.com,Invalid Number,female,23,Mobile Developer,1,System Engineer,7500,Product
217,Sandra Scott,sandrascott216500@slingacademy.com,Invalid Number,female,28,Web Developer,5,Data Engineer,8500,Product
218,Terry Jackson,terryjackson217122@slingacademy.com,Invalid Number,male,39,Web Developer,14,Lead,13000,Product
219,John Palmer,johnpalmer218164@slingacademy.com,Invalid Number,male,37,Mobile Developer,14,Lead,14000,Product
220,Brenda Tapia,brendatapia219999@slingacademy.com,Invalid Number,female,37,Web Developer,11,Lead,11500,Product
221,Donald Gordon,donaldgordon220327@slingacademy.com,Invalid Number,male,32,Mobile Developer,6,Senior Data Engineer,9000,Product
222,David Long,davidlong221467@slingacademy.com,Invalid Number,male,33,Mobile Developer,11,Lead,11500,Product
223,Michael Pratt,michaelpratt222638@slingacademy.com,Invalid Number,male,38,Mobile Developer,12,Lead,12000,Product
224,Jessica West,jessicawest223110@slingacademy.com,Invalid Number,female,32,Mobile Developer,10,Senior Data Engineer,12000,Product
225,David Jennings,davidjennings224703@slingacademy.com,Invalid Number,male,41,Web Developer,15,Lead,12500,Product
226,Alicia Perry,aliciaperry225119@slingacademy.com,Invalid Number,female,27,Mobile Developer,1,System Engineer,7500,Product
227,Karen Marsh,karenmarsh226577@slingacademy.com,Invalid Number,female,28,Web Developer,3,Data Engineer,7500,Product
228,Richard Holder,richardholder227991@slingacademy.com,Invalid Number,male,35,Web Developer,10,Senior Data Engineer,11000,Product
229,Ryan Ponce,ryanponce228931@slingacademy.com,5497597305,male,33,Mobile Developer,7,Senior Data Engineer,9500,Product
230,Eddie Riley,eddieriley229421@slingacademy.com,Invalid Number,male,25,Mobile Developer,1,System Engineer,7500,Product
231,Zachary Scott,zacharyscott230288@slingacademy.com,Invalid Number,male,27,Mobile Developer,2,System Engineer,8000,Product
232,Kenneth Nelson,kennethnelson231464@slingacademy.com,Invalid Number,male,32,Mobile Developer,8,Senior Data Engineer,10000,Product
233,Edgar Lane,edgarlane232635@slingacademy.com,5537213761,male,28,Web Developer,6,Senior Data Engineer,10000,Product
234,Jeremy Cox,jeremycox233206@slingacademy.com,Invalid Number,male,31,Web Developer,5,Data Engineer,9500,Product
235,Rhonda Hernandez,rhondahernandez234932@slingacademy.com,Invalid Number,female,37,Mobile Developer,15,Lead,14500,Product
236,Ashley Gilbert,ashleygilbert235162@slingacademy.com,Invalid Number,female,33,Mobile Developer,9,Senior Data Engineer,11500,Product
237,Shawn Shaw,shawnshaw236298@slingacademy.com,Invalid Number,male,36,Mobile Developer,13,Lead,12500,Product
238,Ryan Davis,ryandavis237462@slingacademy.com,Invalid Number,male,29,Mobile Developer,3,Data Engineer,8500,Product
239,Kristin Bradley,kristinbradley238626@slingacademy.com,Invalid Number,female,34,Web Developer,12,Lead,11000,Product
240,Christopher Drake,christopherdrake239403@slingacademy.com,Invalid Number,male,31,Mobile Developer,9,Senior Data Engineer,9500,Product
241,Justin Clark,justinclark240285@slingacademy.com,Invalid Number,male,30,Web Developer,8,Senior Data Engineer,11000,Product
242,Scott Owens,scottowens241483@slingacademy.com,Invalid Number,male,35,Web Developer,11,Lead,12500,Product
243,Rebecca Nelson,rebeccanelson242256@slingacademy.com,Invalid Number,female,23,Mobile Developer,1,System Engineer,7500,Product
244,Erin Green,eringreen243810@slingacademy.com,Invalid Number,female,23,Web Developer,1,System Engineer,6500,Product
245,Paul Page,paulpage244408@slingacademy.com,Invalid Number,male,26,Mobile Developer,1,System Engineer,5500,Product
246,Jamie Ball,jamieball245345@slingacademy.com,Invalid Number,female,25,Mobile Developer,3,Data Engineer,6500,Product
247,Sonya Williams,sonyawilliams246780@slingacademy.com,Invalid Number,female,30,Mobile Developer,4,Data Engineer,7000,Product
248,Leslie Burton,leslieburton247488@slingacademy.com,Invalid Number,female,38,Web Developer,15,Lead,12500,Product
249,Daniel Joseph,danieljoseph248143@slingacademy.com,Invalid Number,male,32,Web Developer,10,Senior Data Engineer,10000,Product
250,Julie Grimes,juliegrimes249118@slingacademy.com,Invalid Number,female,32,Web Developer,10,Senior Data Engineer,11000,Product
251,Michael Davis,michaeldavis250373@slingacademy.com,Invalid Number,male,29,Mobile Developer,6,Senior Data Engineer,10000,Product
252,Stephen Hoover,stephenhoover251356@slingacademy.com,Invalid Number,male,29,Mobile Developer,6,Senior Data Engineer,8000,Product
253,Damon Sanders,damonsanders252816@slingacademy.com,0176247153,male,31,Web Developer,6,Senior Data Engineer,9000,Product
254,Adam Pratt,adampratt253273@slingacademy.com,Invalid Number,male,37,Web Developer,14,Lead,14000,Product
255,Jesse Gonzalez,jessegonzalez254731@slingacademy.com,Invalid Number,male,25,Web Developer,3,Data Engineer,8500,Product
256,Debra Cruz,debracruz255511@slingacademy.com,Invalid Number,female,36,Mobile Developer,13,Lead,13500,Product
257,Gregory Smith,gregorysmith256470@slingacademy.com,Invalid Number,male,31,Mobile Developer,5,Data Engineer,7500,Product
258,Natasha Cook,natashacook257144@slingacademy.com,Invalid Number,female,35,Web Developer,11,Lead,10500,Product
259,Robert Weber,robertweber258728@slingacademy.com,Invalid Number,male,32,Mobile Developer,7,Senior Data Engineer,9500,Product
260,Carly Thompson,carlythompson259241@slingacademy.com,Invalid Number,female,27,Web Developer,1,System Engineer,5500,Product
261,Maureen Campbell,maureencampbell260229@slingacademy.com,Invalid Number,female,29,Mobile Developer,7,Senior Data Engineer,9500,Product
262,Alex Brown,alexbrown261949@slingacademy.com,Invalid Number,male,31,Web Developer,5,Data Engineer,9500,Product
263,Breanna Allen,breannaallen262722@slingacademy.com,Invalid Number,female,38,Mobile Developer,14,Lead,12000,Product
264,Michael Pearson,michaelpearson263989@slingacademy.com,8006107617,male,30,Web Developer,4,Data Engineer,7000,Product
265,Cheryl Lewis,cheryllewis264411@slingacademy.com,Invalid Number,female,28,Web Developer,6,Senior Data Engineer,8000,Product
266,Megan Brown,meganbrown265895@slingacademy.com,Invalid Number,female,23,Web Developer,1,System Engineer,6500,Product
267,Linda Haynes,lindahaynes266984@slingacademy.com,Invalid Number,female,29,Mobile Developer,7,Senior Data Engineer,8500,Product
268,Kathy Palmer,kathypalmer267804@slingacademy.com,Invalid Number,female,36,Web Developer,12,Lead,11000,Product
269,Tammy Ball,tammyball268170@slingacademy.com,8439547062,female,23,Mobile Developer,1,System Engineer,5500,Product
270,Samuel Reed,samuelreed269624@slingacademy.com,Invalid Number,male,34,Mobile Developer,8,Senior Data Engineer,10000,Product
271,Erik Page,erikpage270609@slingacademy.com,Invalid Number,male,32,Web Developer,9,Senior Data Engineer,10500,Product
272,Tristan Price,tristanprice271230@slingacademy.com,Invalid Number,male,38,Mobile Developer,15,Lead,12500,Product
273,Natalie Skinner,natalieskinner272142@slingacademy.com,Invalid Number,female,34,Mobile Developer,12,Lead,12000,Product
274,Nicole Castro,nicolecastro273516@slingacademy.com,Invalid Number,female,34,Web Developer,9,Senior Data Engineer,10500,Product
275,Natasha Hughes,natashahughes274687@slingacademy.com,Invalid Number,female,28,Mobile Developer,6,Senior Data Engineer,9000,Product
276,Pamela Herrera,pamelaherrera275422@slingacademy.com,Invalid Number,female,32,Web Developer,6,Senior Data Engineer,8000,Product
277,Gary Houston,garyhouston276947@slingacademy.com,Invalid Number,male,25,Mobile Developer,1,System Engineer,6500,Product
278,Peter Johnson,peterjohnson277327@slingacademy.com,Invalid Number,male,27,Mobile Developer,5,Data Engineer,7500,Product
279,April Houston,aprilhouston278122@slingacademy.com,Invalid Number,female,27,Mobile Developer,3,Data Engineer,6500,Product
280,Adam Martinez,adammartinez279637@slingacademy.com,Invalid Number,male,35,Mobile Developer,9,Senior Data Engineer,11500,Product
281,William Peters,williampeters280898@slingacademy.com,Invalid Number,male,30,Web Developer,7,Senior Data Engineer,8500,Product
282,Meagan Henderson,meaganhenderson281151@slingacademy.com,Invalid Number,female,30,Web Developer,8,Senior Data Engineer,9000,Product
283,Charles West,charleswest282127@slingacademy.com,Invalid Number,male,26,Web Developer,2,System Engineer,8000,Product
284,Rebecca Jackson,rebeccajackson283741@slingacademy.com,Invalid Number,female,27,Mobile Developer,2,System Engineer,8000,Product
285,Alec Maldonado,alecmaldonado284453@slingacademy.com,Invalid Number,male,33,Mobile Developer,7,Senior Data Engineer,9500,Product
286,Michele Edwards,micheleedwards285969@slingacademy.com,4055420736,female,40,Web Developer,14,Lead,12000,Product
287,John Hall,johnhall286107@slingacademy.com,Invalid Number,male,36,Web Developer,12,Lead,13000,Product
288,Justin Perry,justinperry287419@slingacademy.com,Invalid Number,male,41,Mobile Developer,15,Lead,14500,Product
289,Lauren Norton,laurennorton288284@slingacademy.com,Invalid Number,female,27,Web Developer,3,Data Engineer,6500,Product
290,Omar Soto,omarsoto289950@slingacademy.com,Invalid Number,male,30,Web Developer,5,Data Engineer,8500,Product
291,Michael Howard,michaelhoward290216@slingacademy.com,6585788235,male,39,Web Developer,15,Lead,14500,Product
292,Kathleen Green,kathleengreen291790@slingacademy.com,Invalid Number,female,35,Mobile Developer,9,Senior Data Engineer,10500,Product
293,Kent Thompson,kentthompson292193@slingacademy.com,Invalid Number,male,38,Web Developer,13,Lead,11500,Product
294,Benjamin Wilson,benjaminwilson293449@slingacademy.com,Invalid Number,male,24,Mobile Developer,1,System Engineer,5500,Product
295,Steven Vaughn,stevenvaughn294759@slingacademy.com,Invalid Number,male,32,Mobile Developer,10,Senior Data Engineer,11000,Product
296,Michael Tyler,michaeltyler295487@slingacademy.com,Invalid Number,male,33,Web Developer,11,Lead,10500,Product
297,Richard Lin,richardlin296285@slingacademy.com,Invalid Number,male,28,Web Developer,6,Senior Data Engineer,10000,Product
298,Jennifer Williams,jenniferwilliams297896@slingacademy.com,Invalid Number,female,37,Web Developer,13,Lead,12500,Product
299,Shelley Hubbard,shelleyhubbard298845@slingacademy.com,Invalid Number,female,30,Web Developer,7,Senior Data Engineer,8500,Product
300,Sean Choi,seanchoi299793@slingacademy.com,Invalid Number,male,28,Web Developer,2,System Engineer,7000,Product
301,Marie Gross,mariegross300870@slingacademy.com,Invalid Number,female,32,Web Developer,7,Senior Data Engineer,8500,Product
302,Tracy Leon,tracyleon301263@slingacademy.com,Invalid Number,female,32,Web Developer,8,Senior Data Engineer,11000,Product
303,Steven Peterson,stevenpeterson302672@slingacademy.com,Invalid Number,male,35,Web Developer,12,Lead,11000,Product
304,Justin Webster,justinwebster303292@slingacademy.com,Invalid Number,male,32,Web Developer,8,Senior Data Engineer,11000,Product
305,Courtney Stanley,courtneystanley304326@slingacademy.com,Invalid Number,female,28,Web Developer,4,Data Engineer,7000,Product
306,Walter Crawford,waltercrawford305879@slingacademy.com,Invalid Number,male,34,Web Developer,12,Lead,12000,Product
307,Danielle Sparks,daniellesparks306675@slingacademy.com,Invalid Number,female,26,Web Developer,2,System Engineer,8000,Product
308,Cheryl Rose,cherylrose307221@slingacademy.com,Invalid Number,female,26,Web Developer,4,Data Engineer,7000,Product
309,Justin Mann,justinmann308432@slingacademy.com,Invalid Number,male,25,Web Developer,3,Data Engineer,7500,Product
310,Vanessa Carter,vanessacarter309183@slingacademy.com,Invalid Number,female,26,Web Developer,1,System Engineer,5500,Product
311,Anthony Colon,anthonycolon310698@slingacademy.com,Invalid Number,male,34,Web Developer,12,Lead,12000,Product
312,April Holland,aprilholland311155@slingacademy.com,Invalid Number,female,37,Web Developer,15,Lead,14500,Product
313,Bill Anderson,billanderson312995@slingacademy.com,Invalid Number,male,39,Web Developer,14,Lead,14000,Product
314,Kelsey Moss,kelseymoss313481@slingacademy.com,Invalid Number,female,38,Web Developer,14,Lead,12000,Product
315,Maureen Phillips,maureenphillips314243@slingacademy.com,Invalid Number,female,26,Web Developer,2,System Engineer,7000,Product
316,Michelle Hooper,michellehooper315396@slingacademy.com,Invalid Number,female,29,Web Developer,4,Data Engineer,9000,Product
317,Steven Lewis,stevenlewis316274@slingacademy.com,Invalid Number,male,34,Web Developer,11,Lead,11500,Product
318,Kevin Rodriguez,kevinrodriguez317974@slingacademy.com,Invalid Number,male,29,Web Developer,5,Data Engineer,8500,Product
319,Alexandra Bell,alexandrabell318109@slingacademy.com,Invalid Number,female,39,Web Developer,14,Lead,13000,Product
320,Courtney Mcdaniel,courtneymcdaniel319568@slingacademy.com,Invalid Number,female,28,Web Developer,3,Data Engineer,8500,Product
